<T3DataStructure>
	<meta>
		<langDisable>1</langDisable>
	</meta>
	<sheets>
		<sDEF>
			<ROOT>
				<TCEforms>
					<sheetTitle>Einstellungen</sheetTitle>
				</TCEforms>
				<type>array</type>
				<el>

					<switchableControllerActions> 
						<TCEforms>
							<label>Show what?</label>
							<onChange>reload</onChange>
							<config>
								<type>select</type>
								<renderType>selectSingle</renderType>
								<items>
									<numIndex index="0">
										<numIndex index="0">VueJS Frontend</numIndex>
										<numIndex index="1">Main->index</numIndex>
									</numIndex>
								</items>
							</config>
						</TCEforms> 
					</switchableControllerActions> 
		
				</el>
			</ROOT>
		</sDEF>

	
</sheets>
</T3DataStructure>